{
  "observed_auc_mean": 0.997683794466403,
  "observed_auc_std": 0.002710505829243844,
  "observed_auc_folds": [
    0.9995652173913043,
    0.9952173913043477,
    1.0,
    0.9936363636363637,
    1.0
  ],
  "permutation_test": {
    "n_permutations": 1000,
    "p_value": 0.000999000999000999,
    "n_exceeding": 0,
    "max_perm_auc": 0.6898364485981309,
    "mean_perm_auc": 0.49938550970395
  },
  "bootstrap_ci": {
    "n_bootstrap": 5000,
    "n_valid": 5000,
    "ci_95_lower": 0.996319798494332,
    "ci_95_upper": 0.9997886422808134,
    "mean": 0.9984046729896954,
    "std": 0.0009011605140744075
  }
}
